{"vertices":[0.0478706,0.761302,1.66937,-0.0146594,0.754775,1.68278,0.0303233,0.779326,1.41025,-0.028525,0.774548,1.41438,0.800667,0.0665753,1.65943,0.800667,0.00347044,1.65945,0.752415,0.0664939,1.41409,0.752415,0.00338909,1.41411,-0.741784,0.0665753,1.65943,-0.741784,0.00347044,1.65945,-0.71055,0.066485,1.38731,-0.71055,0.00338021,1.38733,-0.161627,0.0663815,1.07509,-0.178061,-0.119135,0.277609,-1.75677,0.0526043,0.916272,-1.76585,-0.057645,0.916089,-1.75592,0.060496,0.642554,-1.765,-0.0497532,0.642371,-0.159179,0.00327622,1.07372,1.7258,-0.0565529,0.957547,1.71541,0.0535812,0.95751,0.210275,-0.197555,-0.563175,0.199891,-0.0874206,-0.563212,1.73288,-0.0634902,0.683894,1.7225,0.0466439,0.683857,-0.157759,-0.390863,-1.37001,-0.157759,0.0553891,-1.37016,-0.0952296,0.00354297,1.54181,-0.0952296,0.167687,1.54175,0.155906,-0.390863,-1.37001,0.155906,0.0553891,-1.37016,0.0933763,0.00354297,1.54181,0.0933763,0.167687,1.54175,0.198455,-0.378522,-0.818247,-0.200309,-0.378522,-0.818247,0.198455,0.197856,-0.818451,-0.200309,0.197856,-0.818356,0.185268,-0.375812,0.899492,-0.147563,-0.367371,0.909765,0.160586,0.16759,1.24914,-0.162439,0.167591,1.25311,0.165874,0.0663875,1.09317,0.168421,0.00328313,1.09458,0.165181,0.0664176,1.18405,-0.159626,0.066419,1.18818,-0.186528,-0.179793,-0.0644858,-0.175383,-0.180682,0.274403,-0.195501,-0.0680994,-0.555322,-0.19563,-0.179086,-0.562376,-0.0288099,0.167591,1.25147,0.0600408,0.167665,1.47513,0.0246702,0.174016,0.810893,-0.0537199,0.174181,0.80059,0.0481701,0.16759,1.25053,-0.0198683,0.167645,1.41398,0.18708,-0.0898508,0.287629,0.193524,-0.199692,-0.176001,0.18999,-0.200686,0.28439,0.195764,-0.0879473,-0.467822,-0.183055,-0.180071,0.0262807,-0.180239,-0.0890953,0.279523,-0.102691,0.00340154,1.45167,-0.180226,-0.0693558,0.280203,-0.102691,0.0665064,1.45165,0.108673,0.00340436,1.46016,0.111915,0.0665095,1.46108],"metadata":{"version":3,"vertices":66,"normals":94,"generator":"io_three","faces":94,"type":"Geometry"},"normals":[0.081561,-0.993762,-0.0760631,-0.981203,6.34224e-05,0.192979,0.993477,3.77172e-05,0.114032,0.996626,-0.0820741,0.000738857,-0.995312,-0.0938472,-0.0233903,-0.629407,-0.0590844,0.774826,0.0890481,-0.996026,-0.00164671,0.0815059,-0.996297,0.0273672,0.088929,-0.996037,-0.00148758,0.99704,1.93484e-05,0.0768824,0,-0.000331169,-1,0,0.000331247,1,0.00395749,0.861789,-0.507251,3.32543e-05,-0.968243,0.250009,-0.99704,2.64394e-05,0.076888,-1.89491e-08,0.99975,-0.0223607,0.0114791,0.999925,-0.00415418,-0.999548,-0.0249425,-0.0167672,0.398228,0.0372415,-0.91653,-0.0940582,0.995566,0.00142743,-0.081506,0.996297,-0.0273671,-0.0889703,0.996033,0.00155095,0.996591,-2.68351e-05,-0.0825021,-0.974621,-7.60255e-05,-0.223863,-0.97462,-7.41371e-05,-0.223865,-0.998093,-0.0438748,-0.0434236,-0.997071,0.0760799,-0.0077748,-0.990705,-0.093438,-0.0988612,-0.998929,1.63666e-05,0.0462765,-0.479996,0.00028882,0.877271,-0.30918,-0.000312552,-0.951004,0.605474,-0.051182,0.794218,-0.371819,0.0321626,-0.927748,-0.371819,0.0321624,-0.927748,-0.371819,0.0321624,-0.927748,0.0837062,0.996466,0.00705142,-0.981495,0.0530838,-0.183982,0.494411,0.000289331,0.869228,-0.083757,-0.996461,-0.00712903,0.27674,-0.000315696,-0.960945,-5.14884e-09,-1,0.000331581,-5.1621e-08,-1,0.000331712,4.91105e-09,-1,0.000331568,0.996591,-2.71183e-05,-0.0825021,9.86138e-09,-1,0.000331618,-4.86779e-08,-1,0.000331514,-2.85072e-08,-1,0.00033157,0.964731,0.160662,-0.208524,0.965789,0.12907,-0.224927,0.996591,-2.73222e-05,-0.0825023,-0.979116,0.0766799,-0.188286,-0.980199,0.0737279,-0.183775,0.997468,0.0669393,-0.0240071,0.999833,-1.52392e-06,-0.0182787,0.999406,0.0158235,-0.030608,0.999833,-3.32022e-06,-0.0182785,0.999833,-9.77552e-07,-0.0182816,0.999833,-3.47425e-06,-0.0182786,-5.18711e-08,-1,0.000331604,-1.46079e-07,-1,0.000331583,-3.4847e-08,-1,0.000331619,-0.000183556,-0.999893,-0.0146056,2.01014e-07,-1,0.000331583,-3.264e-05,-0.999893,-0.0146264,-0.00783779,-0.709165,0.704999,0.99862,0.0142779,-0.0505378,0.998378,0.0149377,-0.0549394,0.998387,0.0142775,-0.054947,6.24006e-10,1,-0.000331594,-0.999151,-0.0404882,-0.00760751,-0.99769,-0.0428672,0.0527035,-0.997895,-0.037719,0.0527536,-0.996875,-0.0458754,0.0643161,-2.15365e-10,1,-0.000331603,0.984447,0.0959496,-0.147164,-0.986149,0.0391229,-0.161182,-0.974712,-0.219211,-0.0433801,-0.999151,-0.0404881,-0.00760616,-0.999151,-0.0404878,-0.00760751,-0.999458,-0.0256302,-0.0206777,-0.999971,-1.34722e-06,-0.00767681,-0.999591,-0.0128286,-0.0255685,-0.999192,-0.0359757,-0.0179131,0.999077,0.0391381,-0.0176927,0.998562,0.0449602,-0.0292056,0.999077,0.0391378,-0.0176915,0.996488,0.0746703,-0.037905,0.99852,0.0450253,-0.0304922,0.998549,0.0441336,-0.0308438,-0.000183671,-0.999893,-0.0146056,-7.78577e-05,-0.999893,-0.0146384,0.282913,0.351614,-0.892372,-3.6575e-08,-1,0.000331701,0,-1,0.000331669],"faces":[33,0,1,3,2,0,0,0,0,33,5,4,6,7,1,1,1,1,33,11,10,8,9,2,2,2,2,33,15,17,16,14,3,3,3,3,33,20,24,23,19,4,4,4,4,33,24,22,21,23,5,5,5,5,32,58,22,24,6,6,6,32,24,20,55,7,7,7,32,24,55,58,8,8,8,33,26,36,34,25,9,9,9,9,33,28,32,31,27,10,10,10,10,33,30,26,25,29,11,11,11,11,33,38,27,31,37,12,12,12,12,33,30,35,36,26,13,13,13,13,33,35,30,29,33,14,14,14,14,33,25,34,33,29,15,15,15,15,33,34,38,37,33,16,16,16,16,33,35,58,55,39,17,17,17,17,33,57,55,20,19,18,18,18,18,32,21,56,57,19,19,19,32,57,19,23,20,20,20,32,57,23,21,21,21,21,32,27,38,61,22,22,22,32,32,39,65,23,23,23,32,31,32,65,24,24,24,32,22,58,35,25,25,25,32,33,37,21,26,26,26,32,21,22,35,27,27,27,32,35,33,21,28,28,28,33,7,6,41,42,29,29,29,29,33,9,8,63,61,30,30,30,30,33,17,48,47,16,31,31,31,31,32,14,62,13,32,32,32,32,13,46,15,33,33,33,32,13,15,14,34,34,34,33,46,48,17,15,35,35,35,35,32,65,64,31,36,36,36,33,18,12,10,11,37,37,37,37,33,47,62,14,16,38,38,38,38,33,65,4,5,64,39,39,39,39,32,4,65,43,40,40,40,32,43,41,6,41,41,41,32,43,6,4,42,42,42,32,27,61,63,43,43,43,32,44,63,8,44,44,44,32,10,12,44,45,45,45,32,44,8,10,46,46,46,32,44,40,63,47,47,47,32,63,40,28,48,48,48,32,63,28,27,49,49,49,32,39,43,65,50,50,50,32,64,37,31,51,51,51,32,48,46,38,52,52,52,32,40,62,47,53,53,53,32,48,38,34,54,54,54,32,36,40,47,55,55,55,32,47,48,34,56,56,56,32,47,34,36,57,57,57,32,28,40,49,58,58,58,32,49,54,28,59,59,59,32,53,39,32,60,60,60,32,53,51,39,61,61,61,32,50,53,32,62,62,62,33,36,35,51,52,63,63,63,63,33,52,51,2,3,64,64,64,64,32,3,1,54,65,65,65,32,54,49,52,66,66,66,32,54,52,3,67,67,67,33,9,61,18,11,68,68,68,68,32,43,41,42,69,69,69,32,2,51,53,70,70,70,32,53,50,0,71,71,71,32,53,0,2,72,72,72,33,64,5,7,42,73,73,73,73,32,38,18,61,74,74,74,32,64,42,37,75,75,75,32,56,21,37,76,76,76,32,37,42,41,77,77,77,32,41,43,39,78,78,78,32,39,55,57,79,79,79,32,57,56,37,80,80,80,32,41,39,57,81,81,81,32,37,41,57,82,82,82,32,12,40,44,83,83,83,32,13,62,40,84,84,84,32,12,18,38,85,85,85,32,13,40,12,86,86,86,32,38,46,13,87,87,87,32,12,38,13,88,88,88,33,36,52,49,40,89,89,89,89,32,39,51,35,90,90,90,33,1,0,50,54,91,91,91,91,32,54,50,32,92,92,92,32,32,28,54,93,93,93]}