{"uvs":[],"faces":[33,2,0,1,3,0,0,0,0,33,3,7,6,2,1,1,1,1,33,7,5,4,6,2,2,2,2,33,0,4,5,1,3,3,3,3,33,0,2,6,4,4,4,4,4,33,7,3,9,11,5,5,5,5,33,5,7,11,10,6,6,6,6,33,3,1,8,9,7,7,7,7,33,1,5,10,8,8,8,8,8,33,8,10,11,9,9,9,9,9],"vertices":[-0.27392,-0.0109115,0.234915,-0.545018,1.22362,0.547091,-0.27392,-0.0109115,-0.273966,-0.553262,1.22391,-0.553307,0.234961,-0.0109115,0.234915,0.527495,1.22374,0.578736,0.234961,-0.0109115,-0.273966,0.514303,1.22391,-0.553307,-0.332168,1.72273,0.354998,-0.325542,1.74208,-0.332187,0.324283,1.69954,0.358518,0.328534,1.73653,-0.345914],"metadata":{"faces":10,"version":3,"normals":10,"type":"Geometry","uvs":0,"generator":"io_three","vertices":12},"normals":[-0.976019,-0.217629,0.00495986,0,-0.220645,-0.975354,0.974233,-0.225406,-0.00785654,-0.0193179,-0.256563,0.966335,-0,-1,0,-0.00612322,0.384071,-0.923283,0.93052,0.36623,0.00287965,-0.917681,0.397284,0.00519687,-0.013533,0.389593,0.920888,0.0222191,0.998928,0.0406129]}