{
    "uvs":[],
    "faces":[33,2,0,1,3,0,0,0,0,33,3,7,6,2,1,1,1,1,33,7,5,4,6,2,2,2,2,33,0,4,5,1,3,3,3,3,33,0,2,6,4,4,4,4,4,33,5,7,3,1,5,5,5,5],
    "vertices":[-0.493622,-0.490718,0.474139,-0.493622,0.478502,0.474139,-0.493622,-0.490718,-0.495081,-0.493622,0.478502,-0.495081,0.475598,-0.490718,0.474139,0.475598,0.478502,0.474139,0.475598,-0.490718,-0.495081,0.475598,0.478502,-0.495081],
    "metadata":{
        "faces":6,
        "version":3,
        "normals":6,
        "type":"Geometry",
        "uvs":0,
        "generator":"io_three",
        "vertices":8
    },
    "normals":[-1,-0,0,0,-6.14975e-08,-1,1,-0,0,0,6.14975e-08,1,0,-1,6.14975e-08,0,1,-6.14975e-08]
}